"defini","WKENDDATE","X.ILI.CHR","X.ILI.ETR","X.ILI.JMR","X.ILI.KKR","X.ILI.MCR","X.ILI.MSR","X.ILI.NDR","X.ILI.NER","X.ILI.SCR","X.ILI.SER","X.ILI.SUL","X.ILI.UCR","X.ILI.WTR","X.ILI"
"1","1/10/09","0","0.8","0","0","0.17","1.41","0.1","0","0","0.33","0.62","0","0.18","0.21"
"2","1/17/09","2.11","0.44","3.26","0.47","0.42","0.74","0.29","0","0","0.54","2.86","0","0","0.5"
"3","1/24/09","0.56","0.69","3.68","0.75","0.71","1.01","0.78","0.19","0","0.44","0.39","0","0","0.87"
"4","1/31/09","2.99","0.4","4.99","1.55","0.38","0","0.44","0.29","0","1.26","1.6","0","0.23","0.75"
"5","2/7/09","17.66","1.32","5.53","0.8","0.31","0.74","0.5","0.18","0","3.42","2.02","0","0.17","2"
"6","2/14/09","17.26","1.41","8.46","2.37","0.74","0.13","0.85","0.29","0","0.62","1.25","0","0.35","1.98"
"7","2/21/09","0.46","1.88","7.61","0.34","1","0","0.34","4.25","0","1.62","1.08","0","0","1.16"
"8","2/28/09","0.42","2.84","8.92","5.24","0.6","0.26","0.48","0","0","2.37","0.75","2.46","0.36","1.41"
"9","3/7/09","0.8","2.45","0","2.67","2.14","0","0.48","4.3","0","2.16","7.61","2.31","0.49","1.55"
"10","3/14/09","0.21","2.41","7.39","2.73","2.25","0","0.52","0","0.51","1.14","0.37","0.76","0.56","1.35"
"11","3/21/09","2.11","0.78","6.73","1.72","0.54","0","0.63","0","0","1.27","1.06","0","0.73","1.07"
"12","3/28/09","0.27","0.94","0","0.36","0.41","0.27","0.29","0","0.5","0.5","0","0.47","0","0.53"
"13","4/4/09","0","0.62","2.74","0.61","0.35","0","0.39","0","0","0.55","0","0","0","0.74"
"14","4/11/09","0.79","1","3.34","0.71","0.34","0","0.23","0","0","0.88","0","0","0","0.92"
"15","4/18/09","0","0.22","2.46","0.12","0","0","0","0","0","0.47","0","0.32","0","0.51"
"16","4/25/09","0.3","0.3","2.51","0.22","0.5","0","0.04","0.59","1.1","0","0.3","0","0.56","0.29"
"17","5/2/09","0.31","0.8","3.88","0.63","1.21","0.59","0.19","2.29","0","0.79","0.64","0.59","2.39","0.69"
"18","5/9/09","0.16","0.92","2.96","1.62","0.92","0.36","3.23","1.4","0","0.79","0","0.71","2.06","1.11"
"19","5/16/09","0.2","0.6","4","2","1.2","0","4.9","5.4","0.9","0.6","0.3","1.2","1.5","1.12"
"20","5/23/09","0.18","0.13","0","0","0.31","0","0","7.23","0","0.4","0.62","0.78","0.55","0.42"
"21","5/30/09","0","0.28","2.68","0","0.14","0","0","0.4","0","0.66","2","0","0","0.55"
"22","6/6/09","0","0.06","1.91","0.21","0.13","0","0","0","0","0.42","0","0.65","0","0.27"
"23","6/13/09","0","0.13","2.67","0","0.28","0","0.83","0","0","0","0","0.23","0.22","0.43"
"24","6/20/09","0","0.21","0","0","0.22","0","0","0","0","0.21","0","0.17","0","0.14"
"25","6/27/09","0","0.13","2.05","0","0.21","0.17","0.31","0","0","0","0","0","0","0.28"
"26","7/4/09","0","0.21","1.65","0.93","0.27","0","0","0","0","0.22","0","0","0","0.37"
"27","7/11/09","0","0.11","1.1","0.4","0.18","0.42","0.27","0","0","0.27","0","0","0","0.25"
"28","7/18/09","0","0.1","0","0.2","0.2","0","1","0","0","0.2","0","0","0","0.16"
"29","7/25/09","0","0.04","0","0.12","0.3","0.15","0","1.56","0","0","0","0","0","0.14"
"30","8/1/09","0.31","0.12","0","1.25","0.75","0","0","0","0.37","0.33","0","0","0.2","0.37"
"31","8/8/09","0","0.2","3.2","0","0.5","0","0","0","0","0","0","0","0","0.59"
"32","8/15/09","0","0.12","0","0.36","0.41","0","0","0","0","0","0","0","0.25","0.16"
"33","8/22/09","0","0.83","1.37","1.59","1.48","1.47","3.09","0.16","0","0.2","0","0","0.34","0.94"
"34","8/29/09","0.18","1.06","3.27","11.07","2.48","0","5.96","0","0","1.79","0.56","1.15","1.01","2.67"
"35","9/5/09","1.36","2.46","3.39","6.18","5.53","0","9.27","1.52","1.18","1.88","1.15","3.09","1.03","4.14"
"36","9/12/09","5.78","2.67","4.47","10.36","4.88","2.9","12.16","0.2","0.54","2.87","1.92","1.44","0.82","4.75"
"37","9/19/09","2.01","3.9","4.4","9.24","4.87","1.19","6.28","0.59","0.89","3.55","0","2.74","0.89","3.88"
"38","9/26/09","4.5","5.07","0","1.92","6.8","0.77","5.28","0.46","0","5.6","6.02","2.99","2.46","4.48"
"39","10/3/09","4.24","7.91","0","3.09","6.25","2.19","3.45","0.89","1.42","2.97","1.87","1.75","1.93","4.19"
"40","10/10/09","3.19","3.44","1.64","3.03","6.16","0.49","2.91","0.28","1.39","5.1","0","4.15","1.68","3.29"
"41","10/17/09","1.84","5.17","2.25","5.1","5.3","0.55","5.74","0.82","2.3","6.74","3.38","4.62","1.27","4.31"
"42","10/24/09","1.69","2.84","2.16","2.83","6.06","0.59","7.98","4.87","0.62","3.95","4.55","3.23","1.09","3.87"
"43","10/31/09","0.72","5.93","1.46","6.38","6.13","1.01","6.01","4.14","0.64","7.41","14.08","1.84","1.17","4.77"
"44","11/7/09","1.81","1.49","1.08","3.31","5.22","1.25","7.87","5.18","0","4.19","3.25","2.23","0.53","3.22"
"45","11/14/09","1.41","1.36","0","2.73","3.83","1.61","6.25","0.69","0","2.94","0.75","1.36","0.81","2.54"
"46","11/21/09","1.31","1.89","1.12","5.35","4.21","0.49","4.84","1.5","0","2.08","0.95","0.88","0.36","2.49"
"47","11/28/09","1.46","1.33","1.17","2.84","2.22","0.33","6.36","0","0","1.08","0.58","0.9","0","2.03"
"48","12/5/09","0.92","1.17","0.49","0.45","2.14","3.44","3.98","1.66","0","0.2","0.34","1.24","0.35","1.48"
"49","12/12/09","3.27","1.04","1.35","2.62","1.04","1.52","2.92","0.32","0","2.52","0","0.35","0.2","1.54"
"50","12/19/09","0.42","0.82","2.48","4.37","0.85","0","6.24","0","0.53","0.7","0","0.17","0","1.53"
"51","12/26/09","0","1.61","1.65","0","0","3.48","9.62","0.6","1.14","0","0","0","0","2.11"
"52","1/2/10","0.96","0.44","3.03","0.5","5.85","4.43","5.74","0.52","0","1.36","0","0.39","0.34","1.79"
"1","1/9/10","0.43","0.41","2.15","0","1.12","0","2.22","0","0","0","0","0.16","0.17","0.75"
"2","1/16/10","0.27","0.15","2.15","0","0.69","1.47","1.48","0.66","1.27","0","0","0","0","0.64"
"3","1/23/10","0.14","0.37","3.21","0.34","1.36","0.95","3.05","0.73","0","0.23","0","0.3","0","1.07"
"4","1/30/10","0.37","0.18","2.7","1.76","1.77","0","2.69","1.01","0.35","1.47","0","0","0.38","1.05"
"5","2/6/10","0","0.21","3.29","1.43","1.4","1.12","2.35","0","0","0.2","0","0.46","0.54","0.93"
"6","2/13/10","0","0.5","2.18","4.26","2.28","0.17","3.78","1.17","0","0.81","0.43","0.48","0.86","1.49"
"7","2/20/10","0.16","0.61","0","0.72","1.24","0.51","1.92","0","0","2.66","0","0.56","1.34","0.96"
"8","2/27/10","0.16","1.09","1.37","0.68","2.29","0.75","2.68","0.37","0","0.85","0","0.53","0","1.21"
"9","3/6/10","0.16","0.54","2.53","3.13","2.15","0.41","8.68","0.3","0","1.91","0.28","0.19","0.2","1.52"
"10","3/13/10","0.35","1.07","2.43","1.78","0.88","1.16","4.92","0.62","0","0.47","0.34","0.42","0.5","1.37"
"11","3/20/10","0.86","0.29","1.06","1.5","1.03","0.35","2.37","0","0","0.5","0","0.92","0","0.85"
"12","3/27/10","0","0.54","0.87","1.24","1.62","0","1.57","0.65","0","0.32","0","0.47","0","0.83"
"13","4/3/10","0.35","0.29","1.41","1.67","0.83","0.14","1.64","0","0","1.45","0","0.67","0.24","0.87"
"14","4/10/10","0.14","0","0.54","0","0.36","0","1.03","0","0","0.3","0","0","0.16","0.36"
"15","4/17/10","0","0.27","0.72","0.3","0.69","0","0.84","0","0","0.22","0","0.15","0.24","0.43"
"16","4/24/10","0","0.1","0.56","0.66","0.1","0","0.35","0","0","0","0","0.12","0.18","0.21"
"17","5/1/10","0","0","0.5","0.22","0.31","1.24","0.94","0.74","0","0","0","0","0.17","0.33"
"18","5/8/10","0","0","0.38","0.11","0.39","0.12","0.33","0.33","0","0.19","0","0.32","0.15","0.2"
"19","5/15/10","0.21","0","0","0","0.24","0","1.02","0.61","0","0.54","0","0.15","0.3","0.28"
"20","5/22/10","0","0","0.33","0","0","0","0.36","0.34","0","0.2","0","0","0","0.09"
"21","5/29/10","0","0","0","0","0.16","0","0.27","0","0","0","0","0","0","0.09"
"22","6/5/10","0","0","0.94","0.11","0.22","0.15","0","0","0","0","0","0","0","0.21"
"23","6/12/10","0","0","0","0","1.16","0.61","0.35","0","0","0","0","0","0","0.1"
"24","6/19/10","0","0","0.12","0","0.2","0","0.24","0","0","0","0","0","0","0.05"
"25","6/26/10","0","0.06","0","0.1","0","0.27","0.67","0","0","0","0","0.15","0","0.11"
"26","7/3/10","0","0","0","0","0","0","0.12","0","0","0","0","0","0","0.03"
"27","7/10/10","0","0","0.12","0","0","0.17","0.32","0","0","0","0","0","0","0.06"
"28","7/17/10","0","0","0","0","0","0.14","0","0","0","0.24","0","0","0","0.03"
"29","7/24/10","0","0","0.13","0","0.19","0.73","0","0","0","0","0","0","0","0.05"
"30","7/31/10","0","0","0.14","0","0","0","0.17","0","0","0","0","0","0","0.06"
"31","8/7/10","0","0","0.27","0","0.22","0","0","0","0","0","0","0","0","0.05"
"32","8/14/10","0","0","0.13","0","0","0","0","0","0","0","0","0","0","0.02"
"33","8/21/10","0","0","0.12","0","0","0","0.12","0","0.68","0.16","0","0","0","0.06"
"34","8/28/10","0","0.07","0.11","0.07","0","0","0.22","0.65","0","0","0","0","0","0.08"
"35","9/4/10","0","0","0.11","0.21","0","0","1.83","0.18","0.76","0","0","0","0","0.16"
"36","9/11/10","0","0","0.23","0.18","0","0","0.38","0","0","0","0","0","0.21","0.11"
"37","9/18/10","0.2","0.12","0.26","0.76","0.08","0","0.52","0.31","0","0.12","0","0","0","0.19"
"38","9/25/10","0","0","0","0.7","0.31","0","0.35","0.32","0","0","0","0.21","0","0.23"
"39","10/2/10","0","0.17","0","0.33","0.12","0","0.6","0.32","0.39","0","0.35","0","0","0.21"
"40","10/9/10","0","0.3","0.6","0.25","0.94","0","0.83","0","1.09","0","0","0","0","0.36"
"41","10/16/10","0","0.04","2.37","0.31","0.12","0","0.97","0","0","0","1.21","0","0","0.4"
"42","10/23/10","0","0.31","2.19","0.42","0","0","0.95","0.31","0","0.45","0","0","0","0.5"
"43","10/30/10","0.44","0.12","2.38","0.93","0","0","0.96","0.27","0.34","0.27","0","0","0","0.45"
"44","11/6/10","0","0.07","2.91","0.33","0.32","0","1.25","0","1.38","0","0","0","0.3","0.46"
"45","11/13/10","0.51","0.4","2.72","1.11","0.15","0","0.86","0","0","0.63","0","0.11","0","0.59"
"46","11/20/10","0","0.35","4.33","0.74","0.16","1.06","2.06","0","0.31","0.12","0","0","0.23","0.73"
"47","11/27/10","0.37","0","4.33","0.6","0.16","0.67","1.26","0","0","0","1.44","0","0","0.76"
"48","12/4/10","0.55","0.31","4.76","0.34","0.15","0.61","1.43","0","0","0.65","0","0.23","0.48","0.83"
"49","12/11/10","0.42","0.35","3.96","0.15","0.22","0","4.01","0","0.35","0.35","0.42","0.78","0.27","1.16"
"50","12/18/10","0.88","0.36","0","1.7","0.7","3.24","4.8","0.4","0","1.49","0","0.87","0","1.24"
"51","12/25/10","0","0.76","6.87","0.25","0","1.83","9.95","0","0","1.5","0","0.57","0","2.76"
"52","1/1/11","0.89","1.17","5.08","1.54","0","0.91","10.89","0.4","0.47","1.04","0","0","0","2.76"
"1","1/8/11","0.53","0.39","4.71","1.21","0.26","0.49","8.9","0.24","0","0","1","0.38","0.76","1.54"
"2","1/15/11","0","0.45","8.57","3.06","1.82","2.6","8.49","0.39","0","3.14","0","1.64","0.42","3.12"
"3","1/22/11","1.38","1.87","7.06","4.53","4.37","0","9.59","0.19","0","2.55","0.66","1.67","0.65","3.63"
"4","1/29/11","4.12","1.18","9.79","5.18","5.25","0.14","12","0.6","0","5.56","1.62","2.75","0.77","4.24"
"5","2/5/11","3.45","6.74","11.21","5.91","6.48","0.26","12.76","0.82","0.63","6.9","5.37","2.41","0.99","6.45"
"6","2/12/11","1.61","7.39","7.74","3.7","7.62","0.75","13.77","0.89","0","5.97","2.13","2.17","1.06","6.3"
"7","2/19/11","1.55","4.22","8.7","2.51","6.28","1.97","8.08","1.39","0.91","4.65","6","4.5","0.6","4.78"
"8","2/26/11","0.39","6.02","6.73","3.13","4.75","0","8.66","0","0","5.66","2.03","2.15","0.54","4.65"
"9","3/5/11","1.19","2.74","7.56","1.62","3.15","0","13.42","1.16","0","3.11","4.59","1.3","1.8","3.33"
"10","3/12/11","0","1","4.44","1.16","1.2","0.46","7.64","6.49","0","2.36","3.37","0.17","0","1.88"
"11","3/19/11","0.26","0.72","5.33","0.25","0.79","0","4.55","0","0","0.61","0.51","0.33","0","1.41"
"12","3/26/11","0.19","0.31","3.08","0.37","0.09","0.14","2.5","0","0","0.23","1.21","0.42","0","0.78"
"13","4/2/11","0.36","0.2","3.51","1.13","0.63","0","1.25","0","0","0","0","0.26","0","0.71"
"14","4/9/11","0.21","0.18","4.27","0.46","0.29","0","5.59","0","0","0.1","0.44","0.37","0.43","0.79"
"15","4/16/11","0","0","3.91","0.44","0.31","0","1.11","0","0","0.12","0","0.43","0","0.58"
"16","4/23/11","0","0.1","5.13","0.42","0","0","1.11","0","0","0","0","0.2","0","0.68"
"17","4/30/11","0","0.12","3.52","0","0","0","0.64","0","0","0.28","0.49","0.32","0.31","0.41"
"18","5/7/11","0","0.08","0","0.17","0","0","0.35","0","0","0.18","0","0","0","0.11"
"19","5/14/11","0","0.08","0","0.15","0","0","0.21","0","0","0.2","0","0.3","0","0.1"
"20","5/21/11","0","0.03","0","0","0","0","0.39","0","0","0.21","0.45","0","0","0.06"
"21","5/28/11","0","0","0","0.11","0","0","0","0","0","0","0","0","0","0.02"
"22","6/4/11","0","0","0","0","0","0","0.08","0","0","0","0","0","0","0.02"
"23","6/11/11","0","0.04","0","0","0","0","0.28","0","0","0.19","0.65","0","0","0.07"
"24","6/18/11","0","0","0","0","0","0.76","0","0","0","0","0","0.16","0","0.03"
"25","6/25/11","0","0","0","0","0","0.57","0","0","0","0","0","0","0","0.01"
"26","7/2/11","0","0","0","0","0","0","0.14","0","0","0","0","0","0","0.02"
"27","7/9/11","0","0","0","0","0","0","0","0","0","0","0","0","0","0"
"28","7/16/11","0","0.04","0","0","0","0","0","0","0","0","0","0","0","0.01"
"29","7/23/11","0","0","0","0","0","0","0.15","0","0","0","0","0","0","0.02"
"30","7/30/11","0","0.04","0","0","0","0","0","0","0","0","0","0","0","0.02"
"31","8/6/11","0","0.03","0","0","0","0","0","0","0","0","0","0","0","0.01"
"32","8/13/11","0","0","0","0","0","0","0.11","0","0","0","0.52","0","0","0.03"
"33","8/20/11","0","0","0","0","0","0","0.51","0","0","0","0","0","0","0.06"
"34","8/27/11","0","0","0","0","0","0","0.46","0","0.42","0","0","0","0","0.08"
"35","9/3/11","0","0.09","0","0.21","0","2.5","0.65","0","0","0","0","0","0","0.14"
"36","9/10/11","0","0","0","0","0.11","0","1.46","0","0","0","0","0","0","0.15"
"37","9/17/11","0.31","0.15","0","0.15","0.19","0","1.02","0","0.4","0","0","0","0","0.28"
"38","9/24/11","0.16","0.09","0","0.32","0.17","0","1.35","0","0","0","0","0","0","0.37"
"39","10/1/11","0","0.09","0","0.19","0.25","0","1.27","0","0","0","0","0.41","0.68","0.43"
"40","10/8/11","0","0.43","0","0.64","0.36","0","0","0","0","0.19","0","0","0","0.28"
"41","10/15/11","0.3","0.57","0","0.07","0.28","0","1.31","0.4","0.38","0","0","0","0.32","0.35"
"42","10/22/11","0","0.23","0","0.21","0.21","0","1.3","0.33","0","0.62","0","0.16","0.3","0.42"
"43","10/29/11","0.53","0.4","0","0.41","0.11","0.16","0","0","0","0.4","0","0.18","0.3","0.29"
"44","11/5/11","0.43","0.33","0","0.4","0.52","0.26","1.53","0","0.35","0","0","0","0","0.5"
"45","11/12/11","1.41","0.3","0.73","0.81","0.52","0","3.1","0.38","0.41","0.26","0.52","0","0","0.83"
"46","11/19/11","0.14","0","0.67","0.76","0.2","0","2.64","0.9","0","0","0","0.29","0","0.68"
"47","11/26/11","0","1.46","0.89","0.13","0.28","0","2.84","0","0","0","0","0","0.48","0.89"
"48","12/3/11","0.55","0.32","0.81","0.5","0.24","1.61","2.61","0","0","0","0","0","0","0.63"
"49","12/10/11","0.78","1.69","1.28","0.33","0","0","3.3","0","0","0.42","0.85","0","0.51","1.06"
"50","12/17/11","0.81","0.13","1.46","3.57","0.22","0","2.73","0","0","0","0.18","0.21","0","0.66"
"51","12/24/11","0","0.17","0.93","0","0.57","0","3.87","0.4","0","0","0.39","0.24","0","0.52"
"52","12/31/11","0.28","0.46","3.32","0","0","0","3.42","0","0","1.42","0","0.53","0","0.94"
"1","1/7/12","0.19","1.3","0","0","0","0.33","1.97","0.35","0","0.26","0","0.34","0","0.72"
"2","1/14/12","0.19","1.14","1.93","0.24","0.11","0","1.59","0","0","0.17","0.37","0.44","0.34","0.77"
"3","1/21/12","0.4","1.91","1.55","0.31","0.23","0","2.35","0","0","0.95","0","0.35","0","1.17"
"4","1/28/12","0.75","2.09","3.61","0.58","0.33","0","2.45","0","0.36","1.37","0","0.2","0","1.2"
"5","2/4/12","0.14","1.19","1.65","0.21","0.25","0","2.75","0","0","0.24","0.21","0.18","0.51","0.84"
"6","2/11/12","0.52","0.64","3.05","0.36","0.17","0","3.22","0","0","5.66","0","0.24","0","1.22"
"7","2/18/12","0.14","2.14","5.34","0.38","0.91","0","3","0.79","0","2.63","0","0.37","0.24","1.54"
"8","2/25/12","0.27","3.01","0.33","0.43","2.17","4.48","0.44","0","3.51","0","0.49","0","0","1.81"
"9","3/3/12","0.28","2.25","8.6","0.18","0.79","2.8","5.46","0.18","0","2.06","0","0.95","0.3","1.96"
"10","3/10/12","0.25","1.57","9.01","0.56","0.16","0.4","8.04","0.59","0.47","1.27","0","1.19","0","1.82"
"11","3/17/12","0","4.55","12.4","0.44","2.02","2.51","5.65","0.23","0","0.37","0","0.26","0.51","2.7"
"12","3/24/12","0.27","2.13","0.34","0.94","2.07","5.85","0","0","0.19","0","0.65","0.63","0","1.46"
"13","3/31/12","0.19","1.04","0.18","0","0.13","2.1","0","0","0.81","0","0.18","0.54","0","0.74"
"14","4/7/12","0","1.73","0","0.32","0.45","0","0.54","0","0","0.41","0","0","0","0.69"
"15","4/14/12","0","1.54","7.73","0","0.4","0","2.38","0","0.4","0","0","0","0","1.09"
"16","4/21/12","0","0.22","2.61","0.27","0.29","0.58","2.28","0","0","0.25","0","0.14","0.32","0.49"
"17","4/28/12","0","1.37","0","0.14","0.4","0","1.27","0","0","0","0","0","0","0.5"
"18","5/5/12","0","1.81","0","0","0","0","1.6","0","0","0.32","0","0","0","0.74"
"19","5/12/12","0","0.71","0","0.09","0","0","0.55","0","0","0","0","0.15","0.31","0.31"
"20","5/19/12","0","1.03","0","0","0.16","0","1.84","0","0","0","0","0.17","0","0.51"
"21","5/26/12","0","0.94","3.45","0","0","0.22","0","0","0","0.22","0","0.16","0","0.49"
"22","6/2/12","0","1.17","0","0.13","0","0","0.65","0","0","0","0","0.2","0","0.57"
"23","6/9/12","0","1.15","0.72","0","0.38","0","0.91","0","0","0","0","0","0","0.52"
"24","6/16/12","0","0","0","0","0.18","0","0.5","0","0","0","0","0.15","0","0.07"
"25","6/23/12","0","1.63","0","0","0","0","0.38","0","0","2.22","0","0.16","0","0.65"
"26","6/30/12","0","1.42","0","0","0","0","0.44","0","0","0.79","0","0","0","0.59"
"27","7/7/12","0","1.62","0","0","0","0","0","0","0","0","0","0","0","0.58"
"28","7/14/12","0","0.04","0","0.14","0.24","0","0","0","0","0","0","0","0","0.06"
"29","7/21/12","0","0.04","0","0","0","0","0","0","0","0","0","0","0","0.01"
"30","7/28/12","0","0.78","0","0","0","0","0","0","0","0","0","0","0","0.25"
"31","8/4/12","0","0","0","0","0.32","0","0.35","0","0","0","0","0","0","0.06"
"32","8/11/12","0","0","0","0.1","0.12","0","0.11","0","0","0","0","0","0","0.04"
"33","8/18/12","0.14","1.79","0","0","0.23","0","0.42","0.22","0","0","0","0.15","0","0.5"
"34","8/25/12","0.24","0.5","0","0.18","0.08","0","0.15","0","0","0","0","0.17","0","0.24"
"35","9/1/12","0","0.53","0","0.18","0.54","0","0.37","0","0","0","0","0.14","0","0.29"
"36","9/8/12","0","2.04","0","0.2","0.43","0","0.59","0","0.59","0.45","0","0","0","0.82"
"37","9/15/12","0","0.11","0","0.11","0.07","0","0.25","0","0","0.2","0","0.14","0","0.11"
"38","9/22/12","0.24","0.28","0","0.24","0.34","0","0.54","0.78","0.43","0","0","0.15","0.31","0.28"
"39","9/29/12","0","0.62","0","0.11","0.61","0.11","0.46","0","0.37","0.24","0","0","0","0.34"
"40","10/6/12","0.13","0.38","0","0.57","0.53","1.27","0.52","0.45","0","0","0","0","0.78","0.4"
"41","10/13/12","0","0.79","0","0.67","0.71","0.59","0.4","0.62","0","0.45","0.18","0.5","0","0.54"
"42","10/20/12","0.38","0.9","0","0.76","0.79","0","0.39","0.46","0.81","0.28","0","0","0","0.61"
"43","10/27/12","0","1.16","0","0.41","0.27","0","0.18","0","0","0.35","0","0.34","0","0.47"
"44","11/3/12","0","3","0","0.93","0.35","0","1.17","0","0","0.57","0","0","0","1.2"
"45","11/10/12","0.48","3.85","0","1.3","1.13","0.13","0.63","0.46","0","0.89","0.34","0","0","1.61"
"46","11/17/12","0","6.56","0","1.51","0.95","0.17","0.27","0","0","0.39","0","0","0","2.08"
"47","11/24/12","0","9.2","0","3.62","1.44","4.97","1.43","0","0","0.89","0","0","0.6","4.55"
"48","12/1/12","0.26","7.88","5.03","2.21","1.81","2.89","1.55","0.92","0","1.03","0","0.28","1.23","3.23"
"49","12/8/12","0.13","13.18","8.91","3.49","2.68","3.67","1.6","0.51","1.77","1.63","0.37","0.55","0","5.37"
"50","12/15/12","1.22","18.63","7.22","0.95","2.51","9.18","3.78","2.89","2.55","6.64","1.22","0.47","1.45","6.61"
"51","12/22/12","1.76","24.59","0","3.8","2.29","7.58","6.13","1.99","1.22","2.56","0.36","0.72","1.01","6.79"
"52","12/29/12","1.27","16.9","2.75","2.15","0","0","3.83","4.62","0","5.88","2.53","1.5","2.99","8.08"
"1","1/5/13","1.07","12.77","1.77","1.78","1.53","12.44","3.63","1.4","0.48","4.4","0.59","0.57","0.33","6.93"
"2","1/12/13","2.04","7.04","4.22","1.08","1.96","7.52","5.53","2.56","0.76","3.85","1.11","0.87","2.03","4.29"
"3","1/19/13","0.93","5.57","2.35","1.1","1.69","0.65","3.16","0.58","0.42","2.52","0.66","0.77","0.98","2.69"
"4","1/26/13","1.7","1.77","1.58","0.78","2.09","0","5.11","0","0","2.5","0","0.76","0.49","1.88"
"5","2/2/13","0.36","5.06","1.71","0.69","2.95","1.57","4.72","0","0","1.82","0.57","0.71","0.88","2.7"
"6","2/9/13","0.96","5.24","2.58","0.76","4.23","1.15","2.01","0","0.75","1.18","0.19","0.5","0","2.28"
"7","2/16/13","0.54","4.23","3.11","1.24","2.41","7.85","2.36","0.53","0","0.87","0","1.18","0.98","2.99"
"8","2/23/13","0","4.04","1.95","0.57","2.2","0","2.93","0","0","0.55","0.32","0.35","0.71","1.95"
"9","3/2/13","0","2.79","2.63","0.56","0.32","0.43","2.06","0","0.44","2.1","0","0.48","0.27","1.57"
"10","3/9/13","1.13","4.65","2.47","0.98","1.04","7.08","3.37","1.54","0","1.39","0","0","0.52","2.91"
"11","3/16/13","0.2","3.98","1.5","0.14","1.57","0.27","0.72","0","0.45","1.38","0","1.09","0.26","1.66"
"12","3/23/13","2.09","2.64","1.3","0.82","1.37","0.12","1.27","0","0","1.54","0","0.37","0","1.4"
"13","3/30/13","0.46","3.05","0.94","0","0.61","2.21","1.04","0","0","1.86","0","0.26","0","1.58"
"14","4/6/13","0","2.1","0.6","0.5","0.6","0","0.33","0","0","0","0","0","0","0.89"
"15","4/13/13","0.24","1.86","0.76","1.23","0.35","0","0.33","0","0","1.45","0","0.16","0","0.93"
"16","4/20/13","0","1.42","0.37","0.61","0","0","0.18","0","0","0","0","0","0.26","0.49"
"17","4/27/13","0.37","1.02","0.21","0.62","0.39","0","0.36","0","0","0","0","0","0","0.49"
"18","5/4/13","0","0.44","0.38","0.32","0.1","0","0.42","0","0","0.51","0","0","0","0.28"
"19","5/11/13","0","0.39","0.19","0.08","0.13","0","0","0","0.44","0.37","0","0","0","0.19"
"20","5/18/13","0","0.28","0.38","0","0","0.56","0.81","0","0","0","0","0","0.3","0.15"
"21","5/25/13","0","0.04","0.19","0.09","0","0","1.27","0","0","0","0","0","0.68","0.1"
"22","6/1/13","0","0.08","0","0","0.2","0","1.27","0","0","0.25","0","0","0","0.09"
"23","6/8/13","0","0.07","0.2","0","0.22","0","0","0","0","0","0","0","0","0.05"
"24","6/15/13","0","0.05","0","0","0.55","0","1.32","0","0","0","0","0","0","0.13"
"25","6/22/13","0","0.04","0.18","0","0.72","0","0","0","0","0","0","0","0","0.1"
"26","6/29/13","0","0","0","0.09","0.25","0","0","0","0","0","0","0","0","0.04"
"27","7/6/13","0","0","0","0","0","0","0","0","0","0","0","0","0","0"
"28","7/13/13","0","0","0","0","0.17","0","0","0","0","0","0","0","0","0.01"
"29","7/20/13","0","0","0","0","0","0","0","0","0","0","0","0.19","0","0.01"
"30","7/27/13","0","0","0","0.08","0","0","0.14","0","0","0","0","0","0","0.02"
"31","8/3/13","0","0","0","0.09","0.15","0","0","0","0","0","0","0","0","0.02"
"32","8/10/13","0","0","0","0","0","0","0.2","0.5","0","0","0","0","0","0.02"
"33","8/17/13","0","0","0.17","0.08","0","0","0.3","0","0","0.22","0","0","0","0.06"
"34","8/24/13","0","0","1","0","0.25","0","0","0","0","0","0","0.48","0","0.1"
"35","8/31/13","0","0","0.85","0.29","0.11","0.21","0","0","0.63","0","0","0.52","0.3","0.16"
"36","9/7/13","0","0.04","0.81","0","0","0","0","0","0","0","0","0","0","0.05"
"37","9/14/13","0","0.22","0.57","0.1","0.21","0","0.16","0","0.53","0","0","0","0","0.15"
"38","9/21/13","0","0.1","1.21","0.07","0.35","0","0.32","0","0","0","0","0","0.28","0.19"
"39","9/28/13","0","0","0","0","0","0","0","0","0","0","0","0","0","0"
"40","10/5/13","0","0.35","0.69","0.41","0.77","0","0.46","0","0.54","0","0","0","0.32","0.3"
"41","10/12/13","0","0.16","1.23","0.2","0.45","0","0.28","0.57","0","0","0","0","0.33","0.21"
"42","10/19/13","0","0.33","0.69","0","0.4","0","0.72","1.65","0","0","0","0","0.36","0.29"
"43","10/26/13","0","0.1","0.35","0.49","0.56","0","0.59","0","0","0","0","0","0.61","0.24"
"44","11/2/13","0.13","0.27","1.78","0.44","0.29","0.17","0.07","0","0","0","0","0.2","0.3","0.3"
"45","11/9/13","0","0.29","0.77","0.69","1.27","0","0.17","0","0","0.37","0","0","0","0.41"
"46","11/16/13","0.39","0.44","1.77","0.76","0.71","0","0.71","0","0.54","0.13","0","0.24","0","0.55"
"47","11/23/13","0.12","2.04","1.73","0.59","0.91","0","0","0","1.14","0.38","0","0.48","0.5","0.93"
"48","11/30/13","0.23","2.25","1.28","0.52","1.28","0","2.12","0.79","0","0","0","0","0","1.17"
"49","12/7/13","0.62","4.53","1.23","0.68","2.01","0","0.49","1.01","0.55","0.99","0","0","0.32","1.75"
"50","12/14/13","0.72","2.42","3.27","0.66","2.33","0","1.46","0.33","0","1.52","0.2","0.26","0.76","1.51"
"51","12/21/13","1.77","6.83","4.81","0.26","3.1","0.18","5.26","1.74","0","1.32","0","0.2","0.29","3.19"
"52","12/28/13","1.37","10.62","8.39","3.34","4.68","0","15.83","0","0.75","8.09","0.51","1.59","0","7.34"
"1","1/4/14","2.81","10.96","6.55","2.39","1.95","3.33","6.77","3.61","0","9.92","1.4","0","1.08","6.62"
"2","1/11/14","0.97","16.43","4.21","3.32","1.79","3.78","4.52","1.77","0.54","4.82","0.2","0.52","0.7","5.85"
"3","1/18/14","1.06","10.87","3.05","4.81","1.96","0","4.16","0.93","0.88","3.24","0","0","0","5.08"
"4","1/25/14","0.92","9","2.49","3.93","2.75","0","4.41","1.12","0","2.83","0","0.76","0.72","4.25"
"5","2/1/14","1.38","7.16","3.48","3.17","0.92","3.08","1.55","1.01","0","1.52","0.23","0.87","0.54","3.3"
"6","2/8/14","1.07","6.46","4.63","1.03","2.42","2.46","1.57","0","0","1.62","0","0","0","2.08"
"7","2/15/14","0.66","6.04","2.91","1.77","1.17","1.98","1.09","0.51","0","0.94","0.25","0.55","0.64","2.48"
"8","2/22/14","0.6","2.51","1.23","2.04","1.11","0","1.34","0.77","0.92","1.56","0","0.48","0","1.5"
"9","3/1/14","0.34","3.34","0.96","1.22","0.96","1.47","0.91","0","0","0.77","0","0","0","1.39"
"10","3/8/14","0.4","3.88","1.35","1.54","0.29","0","2.22","0","0","0.46","0","0","0","1.64"
"11","3/15/14","0","2.32","1","0.56","0.78","0","0.25","0.44","0","0","0","0.18","0","1.01"
"12","3/22/14","0.49","2.54","0.67","0.45","2.24","0","0","0","0","0.24","0","0","0","1.15"
"13","3/29/14","0","3.45","1.15","0.29","1.12","0","0.38","0.74","0","0.13","0","0.19","0","1.25"
"14","4/5/14","0.12","0.54","0.57","0.23","0.84","0","1.45","0.96","0","0.14","0","0","0","0.4"
"15","4/12/14","0","1","0","0.36","0.2","0","1.1","0.39","0","0","0","0","0","0.43"
"16","4/19/14","0","0.35","0","0.41","0.11","0","0.34","0","0","0","0","0","0","0.19"
"17","4/26/14","0","0.66","0.18","0.05","0.24","0","0.29","0","0","0","0","0","0","0.21"
"18","5/3/14","0","0.26","0.19","0.11","0.36","0","0","0","0","0","0.27","0","0","0.16"
"19","5/10/14","0","0.35","0","0","0.12","0","1.65","0","0","0","0","0.19","0","0.16"
"20","5/17/14","0","0.28","0","0","0","0","0","0","0","0","0.44","0","0","0.13"
"21","5/24/14","0","0.28","0","0","0","0","1.82","0","0","0","0","0","0","0.14"
"22","5/31/14","0","0.1","0.5","0","0","0","0","0","0","0","0.5","0","0.1","0.09"
"23","6/7/14","0","0.1","0","0","0","0","0","1.2","0","0","0","0","0.1","0.1"
"24","6/14/14","0","0","0","0","1","0","0","0","0","0","0","0","0","0.07"
"25","6/21/14","0","0.1","0","0.1","0","0","0","0","0","0","0","0","0","0.05"
"26","6/28/14","0","0.1","0","0","0.1","0","0","0","0","0","0","0","0","0.05"
"27","7/5/14","0","0.1","0","0","0","0","1","0","0","0","0","0","0","0.05"
"28","7/12/14","0","0","0","0","0.1","0","0.4","0","0","0","0","0","0","0.04"
"29","7/19/14","0","0","0.2","0","0","0","0","0","0","0","0","0","0","0.03"
"30","7/26/14","0","0.1","0","0","0","0","0","0","0","0","0","0","0.4","0.03"
"31","8/2/14","0","0.4","0","0","0.3","0","0.7","0","0","0","0","0","0","0.11"
"32","8/9/14","0","0","0.6","0.6","0.3","0","0","0","0","0","0","0","0","0.11"
"33","8/16/14","0","0","0.6","0","0","0","0","0","0","0","0","0","0","0.05"
"34","8/23/14","0","0.1","1.3","0.1","0.6","0","0","0.5","0","0.2","0","0","0","0.17"
"35","8/30/14","0.3","0.1","0","0.1","0.1","1.4","0.1","0.4","0","0.3","0","0","0","0.13"
"36","9/6/14","0.1","0","0.2","0.2","0.1","0","0.6","0","0","0","0","0.2","0.9","0.16"
"37","9/13/14","0","0.2","0.4","0","0.2","2.3","0.4","0.4","0","0.4","0","0","0.3","0.19"
"38","9/20/14","0","0.1","0","0.1","0.3","0.8","0","0.4","0","0.4","0","0","0","0.14"
"39","9/27/14","0","0.3","0","0","0","1.4","0.7","0.8","0","0","0","0.3","0","0.13"
"40","10/4/14","0","0.3","1.1","0.2","0.3","0","0","0","0","0.3","0","0","0","0.22"
"41","10/11/14","0","0.5","1.4","0.8","0.9","0","0","1.1","0","0.4","0","0","0","0.5"
"42","10/18/14","0.1","0.5","9","0.6","1.2","0.9","0.5","0","0","0.4","0","0.2","0","0.54"
"43","10/25/14","0.1","1.1","2","0.8","1.5","0","0.5","0.4","1.8","0.4","0","0.5","0.3","0.82"
"44","11/1/14","0","1.3","2.4","0.9","1.1","4.2","0.8","0.4","0.5","0","0","0.3","0.3","0.84"
"45","11/8/14","0.5","2","1.1","1.2","0.6","0","1.6","0.9","0.9","0.5","0","0","1.1","1.1"
"46","11/15/14","0.2","1.6","0","1.2","0.9","0.4","0.7","0.9","0.7","0.2","0","0.2","0","0.94"
"47","11/22/14","0.6","1.2","0","1.3","0.8","0","0.7","0","0","0.9","0","0.5","0.3","0.86"
"48","11/29/14","0.3","2.3","1.2","1.2","0.2","0","1.7","1.9","0","1.2","0.3","0","0","1.3"
"49","12/6/14","1","3.9","1.8","0.8","3.5","17.8","1.8","0.7","0","0.9","0","0.7","0.3","1.89"
"50","12/13/14","1","5.2","1.7","1.8","3.1","0.6","8.8","0","1.4","3","0.2","0.6","0.6","2.24"
"51","12/20/14","3.4","4.5","0","2.6","4.4","0.8","12","5.2","0","0.5","0.3","1.2","1.2","2.92"
"52","12/27/14","3","13.9","4.6","6.6","1.7","0","26","0","0","2.4","0","1.1","2.6","8.28"
"53","1/3/15","4.4","12.5","0.6","4.3","1.5","0","11.1","0.5","0","0","0","0","2.2","7.22"
"1","1/10/15","3.1","17.6","5.7","2.9","2.3","0.1","3.3","0.9","1.3","0.8","0","0.8","1.3","4.91"
"2","1/17/15","1.9","6.6","4.5","2.8","0.8","4","5.3","1.4","0.5","1.7","0","0.7","0","3.48"
"3","1/24/15","1.2","6.7","6.8","2.4","2.7","0.3","7.9","1.3","0","2.5","0","1.2","0","3.94"
"4","1/31/15","1.3","8.3","5.2","1.9","3.7","0.2","8.1","0.8","0.5","5.6","0","1.5","1.6","4.18"
"5","2/7/15","1","8.8","8.6","2.2","2.6","0.2","3.3","1.1","0","2.4","0","0.3","1.9","4.04"
"6","2/14/15","0.3","4.4","0","1.6","1.7","0.6","2","0.6","0","1.2","0","0.2","1.7","1.68"
"7","2/21/15","0.6","2.5","2.6","1.8","2.1","0.3","1.9","3.5","0","1","0","0","0.9","1.64"
"8","2/28/15","2","0.7","2.9","1.6","1.6","0","1","2.6","0.5","1","0","0","0.5","1.35"
"9","3/7/15","0.6","4.3","5.6","2.1","1.1","2.2","0.5","0","0","1.1","0","0","0","2.16"
"10","3/14/15","0.7","1","1.8","1.4","0","0","1.3","0","0.9","0","0","0.2","0","0.9"
"11","3/21/15","1","1.6","2.3","0.4","1.1","0","1.1","0.8","0","0.8","0","0.2","0","0.97"
"12","3/28/15","0.1","1","0","1.3","0.4","0","2.5","0.9","0.4","0","0","0.4","0","0.61"
"13","4/4/15","0.4","0.6","0","0.5","0","6","0.2","3","0","0","0","0.6","0","0.64"
"14","4/11/15","0","0.9","0.9","0.8","9","9.6","0.5","0","0","0.4","0","0","0","0.49"
"15","4/18/15","0.1","1.2","0.6","0.5","0","0","0","0.9","0","0","0","0","0","0.43"
"16","4/25/15","0","1","0.5","0.1","0.1","0","0.6","1.3","0","0","0.3","0.2","0","0.28"
"17","5/2/15","0","0.4","0","0.4","0.3","0.5","0.6","0","0","0","0","0","0","0.29"
"18","5/9/15","0","0.4","0.5","0.5","0","0.5","0","0","0","0","0","0.2","0","0.27"
"19","5/16/15","0","0.2","0.4","0.3","0.6","6.5","0","0","0","0","0","0","0.4","1.25"
"20","5/23/15","0","0.1","0","0","0.7","0.2","5.9","0","0.6","0","0","0","0","0.99"
"21","5/30/15","0","0.2","0","0","0.3","0","0","0","0","0","0","0","0","0.1"
"22","6/6/15","0","0","0.4","0.2","0.1","5.3","0","0","0","0","0","0","0","0.67"
"23","6/13/15","0","0","0.2","0","0.5","0","0","0","0","0","0","0","0","0.09"
"24","6/20/15","0","0","0","0","0","0.4","0","0.9","0","0","0","0","0","0.08"
"25","6/27/15","0","0.5","0","0","0.2","0.9","0","0","0","0","0","0","0","0.24"
"26","7/4/15","0","0.1","0","0.5","0","0.5","0","0","0","0","0","0","0","0.16"
"27","7/11/15","0","0","0","0","0","2.3","0","0","0","0","0","0","0","0.07"
"28","7/18/15","0","0","0","0.3","0","0.9","0","0","0","0","0","0","0","0.16"
"29","7/25/15","0","0","0","0","0","0.6","0","0","0","0","0","0","0","0.1"
"30","8/1/15","0","0","0","0","0","0.8","0","0","0","0","0","0","0","0.12"
"31","8/8/15","0","0","0","0","0.1","0.6","0.8","0","0","0","0","0","0","0.15"
"32","8/15/15","0","0.6","0","0","0.2","0.2","0","0","0","0","0","0","0","0.22"
"33","8/22/15","0","0.4","0","0.5","0.3","0.7","0","0","0","0","0","0","0","0.26"
"34","8/29/15","0","0.3","0.5","0.3","0.1","1.2","0","0","0.4","0","0","0","0.7","0.3"
"35","9/5/15","0","0.3","0","0.2","0.9","1.3","0.5","0","2.1","0","0","0","0","0.42"
"36","9/12/15","0","3.3","1","0.6","0.9","4","0.3","0","0.5","0","0","0","0","1.04"
"37","9/19/15","0","1.1","1.6","0.6","0.7","1","0","0","0","0","0","0","0","0.62"
"38","9/26/15","0","0.7","1.3","0.6","0.8","0.9","1.1","0","0.4","0","0","0","0.4","0.63"
"39","10/3/15","0.1","0.5","0","0.3","0.5","0.8","0","0","0","0","0","0","0.3","0.37"
"40","10/10/15","0","1","0","0.8","1.2","1.8","0.3","0","0","0.3","0","0.2","0","0.75"
"41","10/17/15","0","0.7","0","0.7","1.3","1.1","0","0","0","0","0","0","0.3","0.63"
"42","10/24/15","0","1.1","0","1","1.1","1.3","0","0.6","0.4","0.8","0","0.2","0.7","0.86"
"43","10/31/15","0","1.3","0","1.8","0.5","0.8","0.2","0","0.4","0","0","0.4","0.3","0.66"
"44","11/7/15","0","1.1","0","0.7","1.1","1","0.4","0.4","1.1","0.4","0","0.2","0","0.71"
"45","11/14/15","0","0.6","0","0.3","0.7","2.2","0.6","0.5","0","0.2","0","0.3","0.3","0.59"
"46","11/21/15","0","1.3","0","1","2","2.9","0","1","0","0","0","0.2","0","1.06"
"47","11/28/15","0","1.8","0","0.7","1.3","2.1","0","1","0","0","0","0","0","1.2"
"48","12/5/15","0","1.2","0","1","1","5.7","1.3","1.3","0","0","0","0.4","0.3","0.82"
"49","12/12/15","0","1","0","0","1","6.2","0.5","0","0","0","0","0","0.6","1.66"
"50","12/19/15","0","1.9","0","0.8","0.2","2.9","0","0.4","0.4","1.8","0","0","0.3","1.59"
"51","12/26/15","0","2","0","0","0.7","2.7","0","1.1","0","0","0","0.4","0","1.58"
"52","1/2/16","0","1.6","0","1.4","0","2.2","0","0.8","0.7","0.8","0","0","0","1.27"
"1","1/9/16","0","1.8","0","1","0.7","3.5","0.4","0.6","0.6","0","0","0","0.4","1.25"
"2","1/16/16","0.2","3","0","7.7","0.3","2.3","1.2","0","0","0","0","0.3","0.3","1.51"
"3","1/23/16","0","4.9","0","0.3","1.1","2.2","1.3","0.8","0","0","0","0","1.7","1.91"
"4","1/30/16","0.2","0.8","0","1.1","1","2.5","0","0","0","0.2","0","0","0.6","0.84"
"5","2/6/16","0","3.7","0","1.2","1.2","2.7","2.3","0","0.7","0.2","0","0","0","1.77"
"6","2/13/16","0","3.4","0","1.2","1.1","3.4","1.8","0","0.8","0.2","0","0","0","1.8"
"7","2/20/16","0.1","1.4","0","1.5","2.3","6.5","0","0","0","1.9","0","0.6","1.5","2.05"
"8","2/27/16","0.5","6.8","0","3.6","2.4","7","1.1","1.5","0.7","2","0","0.2","1.5","3.74"
"9","3/5/16","0.7","6.3",NA,"1.6","1.3","7.3","2.9","1.9","1","2.1",NA,"0.4","0.4","3.34"
"10","3/12/16","0","5.4","0","2.9","0.7","9.7","1.6","1.2","1.1","1","0","0.8","2.7","3.88"
"11","3/19/16","0","3.9",NA,"1.4","0.5","5.5","0.8","0.3","0","1.6","0","0","0","2.35"
"12","3/26/16","0.3","3.9","18.5","2.3","0","0.8","0.5","0.5","0.6","2.1","0","0","0.4","2.95"
"13","4/2/16","0.3","3.3","18.3","2.4","0.4","0.3","1.2","0.6","0.6","1.4","na","0.4","0","2.88"
"14","4/9/16","0","2.2","15.1","0.9","0.3","0.5","0","0.3","0.4","0","0","0.3","0.8","1.7"
"15","4/16/16","0.5","3.5","19.6","1.2","1.2","1.2","1.1","0","0.5","0.4","0","0.3","0.7","2.65"
"16","4/23/16","0","4.3","14.6","1","0.2","0.4","0.4","1","0","0.2","0","0","0.3","2.37"
"17","4/30/16","0","3.9","8.6","1","0","9.4","1.3","1.2","0.5","0",NA,"0.4","0","2.77"
"18","5/7/16","0.1","4","10.7","6.4","0.2","7","0.4","0","0.5","0","0","0","0.7","2.92"
"19","5/14/16","0","0.7","10.3","0.7","0.4","6.3","0.9","0","0","0",NA,"0","0.3","1.87"
"20","5/21/16","0","0.3","9.4","0.5","0","6","0","0","0","0","0","0","0","1.62"
"21","5/28/16","0","3.4","5","0.6","0.7","6.8","0.5","0","0","0","0","0","0","2.23"
"22","6/4/16","0","0.1","7.2","1.4","0","6","0.3","0","0","0",NA,"0","0","1.91"
"23","6/11/16","0","0.1","5.3","0.6","0.5","7","0.3","0","0",NA,NA,"0","0.3","1.62"
"24","6/18/16","0","3.8","2.3","1","0","6","0.4","0","0","0","0","0","0","2.16"
"25","6/25/16","0","0","2.7","0.2","0","6.7","0","0","0","0",NA,"0","0","1.2"
"26","7/2/16","0","2","2.9","1","0","4.5","0","0","0","0",NA,"0","0","1.55"
"27","7/9/16","0","0","2.8","0.2","0","5","0","0","0","0",NA,"0","0","0.97"
"28","7/16/16","0","1.7","2.2","0.4","0","4.7","0.3","0","0","0",NA,"0","0","1.23"
"29","7/23/16","0","0.1","1.2","2","0","5.1","0","0.6","0","0",NA,"0","0","0.82"
"30","7/30/16","0","1.8",NA,"0.9","0.3","5.3","0","0","0","0",NA,"0.2","0","1.37"
"31","8/6/16","0","0.1",NA,"0.3","0","4.4","0","0","0","0",NA,"0","0","0.6"
"32","8/13/16","0","0.1","3.2","0.7","0.1","7.3","0","0.8","0","0",NA,"0","0","0.99"
"33","8/20/16","0","2","2","0.2","0.1","4.4","0","0","0","0",NA,"0","0","1.15"
"34","8/27/16","0","2.1","4.2","0.4","0","5.4","0","6.3","0","0","0","0.2","0","1.49"
"35","9/3/16","0","2.5","4.3","0.2","0.1","5.9","0.1","0.3","0","0",NA,"0.5","0","1.04"
"36","9/10/16","0","0.1",NA,"0.4","0.3","2.2","0.1","0","0.4","0",NA,"0.2","0","0.22"
"37","9/17/16","0","0","4.2","0.8","0.1","5.3","0","0","0","0",NA,"0","0.3","1.09"
"38","9/24/16","0","0.1","8.2","0.7","0","6.3","0","0","0","0",NA,"0","0","1.28"
"39","10/1/16","1.2","1.6",NA,"0.7","0.2","6.4","0.8","0","0","0",NA,"0","0","1.48"
"40","10/8/16","0","2.7","na","0.4","0.2","5.6","0","0","0","0.5","0","0.2","0","1.42"
"41","10/15/16","0","1.3","10.3","0.4","0.2","5.4","0.7","0","0","0.2","0","0","0","1.73"
"42","10/22/16","0","0.2","11.9","0.5","0","5.5","0","0","0","0","0","0.5","0","1.66"
"43","10/29/16","0","0.1","7.7","0.8","0.1","5.5","0.9","0","0","0","0","0","0","1.34"
"44","11/5/16","0.3","2.2","13.5","1.1","0.4","5.6","0","0","0","0","0","0.2","0","2.39"
"45","11/12/16","0","0.2","11.2","1.1","0.3","6.1","1.3","0","0","0.3","0","0","0.7","2.02"
"46","11/19/16","0","2.3","12","1","0.2","5.8","8.5","0","1.7","0",NA,"0","0.3","3"
"47","11/26/16","0","1.1","11.8","0.9","0.4","6.3","16.4","0","0","1","0","0.3","0","2.92"
"48","12/3/16","0","0.7","13.1","1.6","0.3","5.8","0.6","0.5","0","0.5","0","0","0.6","2.41"
"49","12/10/16","0.2","0.7","11.5","1.2","0.3","5","1.7","0","0","1","0.3","0","0","2.23"
"50","12/17/16","0","0.2","14.3","0.5","0.5","4.6","1.3","0.7","0","0.9",NA,"0","0.3","2.63"
"51","12/24/16","0","1.4","14.5","1.7","0","5.9","0","0","0.8","0.8",NA,"0","0.3","4.02"
"52","12/31/16","0","3.8","0","1.6","0.7","7.1","3.7","0","0.9","0","0","0","0","3.23"
"1","1/7/17","0","0.4","16.6","1.4","0","6.8","1.2","0.6","1.2","0","0","0.4","0","3.57"
"2","1/14/17","0.8","6.3","24.6","2.6","0.9","5.8","2.4","1.8","1.5","1.6",NA,"0","0","5.3"
"3","1/21/17","0.2","7","21.4","2.4","0.5","8.4","1.2","0.5","0","2","0","0","0.4","4.58"
"4","1/28/17","0.4","2.7","23.3","4.6","1.5","7.8","4.5","0.5","0.6","1.2","0.2","0","0","4.35"
"5","2/4/17","0.3","0","24.6","8.6","1.1","9.9","3","1.5","0","3.6","0","0.5","0","5.72"
"6","2/11/17","1.8","6.3","36.4","4.9","4.6","9.5","4.8","2.2","0.4","7.4","0","0.2","0","7.14"
"7","2/18/17","1.5","7.3","38.7","7.9","2.9","8.4","3","1.8","1","4.2","0","0.4","0.6","7.55"
"8","2/25/17","0.9","5.3","0","5.7","7","17.6","2.7","1.4","0","3.1","0","0.2","2.1","5.69"
"9","3/4/17","1.8","3.7","29.3","4","3.4","12.3","1.5","0.5","0.8","0.9","0","0","0.6","5.5"
"10","3/11/17","0","4.9","34.2","2.8","2.7","7","1.9","0","0.4","1.2","0","1.1","0.3","6.02"
"11","3/18/17","0.2","3.8","0","5.6","4.4","6.7","1.7","1.9","1.4","1.8","0","0.2","0","3.1"
"12","3/25/17","1.3","6","0","4.4","2.6","12.4","2.6","1.8","1.5","1","0","0.2","0.9","4.79"
"13","4/1/17","0.3","4.2","0","3.8","1.2","8.8","4.9","0","1.4","1.1","0","0.7","0.3","3.26"
"14","4/8/17","0","6.1","0","2.2","0.6","10.5","1.2","0","0","0.3",NA,"0","0","3.47"
"15","4/15/17","0.2","1.6","0","1.4","2.3","6.7","1.3","0","0","0","0","0.4","0","1.91"
"16","4/22/17","0","0.8","0","1.4","0.8","8.6","0.9","1","0.6","0","0","0","0","1.58"
"17","4/29/17","0","2.3","0","0.7","0.4","6.2","1","0.5","0","0.2","0","0","0","1.56"
"18","5/6/17","0","0.5","0","0.5","0","6.7","0.5","0","0","0","0","0.2","0","1.15"
"19","5/13/17","0","0","0","0.4","0.2","8.1","0.2","0","0.6","0.5","0","0","0","1.26"
"20","5/20/17","0","0.1","0","0","0.2","7.9","0.5","0","0","0.9","0","0","0","1.46"
"21","5/27/17","0","1.6","0","0.5","0","6.1","0","0","0","0","0","0","0","1.62"
"22","6/3/17","0","0.2","0","0.9","0","0","0","0","0","0","0","0","0","0.13"
"23","6/10/17","0","0","0","0.5","0","0","0.7","0","0","0","0","0","0","0.08"
"24","6/17/17","0","1.7","0","0.5","0","0.1","0","0","0","0","0","0","0","0.58"
"25","6/24/17","0","0.1",NA,"1.2","0","0","0","0","0","0","0","0","0","0.11"
"26","7/1/17","0","0",NA,"1","0.2","0","0","0.4","0","0","0","0","0","0.13"
"27","7/8/17","0","0.7",NA,"0.3","0","0","0","0","0","0",NA,"0","0","0.31"
"28","7/15/17","0","0.1",NA,"0","0","0","0","0","0","0",NA,"0","0","0.03"
"29","7/22/17","0","0.8",NA,"0","0","0","0","0","0",NA,"0","0","0","0.31"
"30","7/29/17","0","0.1","0","0.2","0","0.4","0","0","0","0","0","0","0","0.05"
"31","8/5/17","0","0",NA,"0.7","0.2","0","0","0.6","0","0","0","0.2","0","0.14"
"32","8/12/17","0","0",NA,"0.9","0.2","0","0","0","0","0","0","0","0","0.09"
"33","8/19/17","0","0",NA,"0.5","0","0","0","0.3","0","0","0","0","0","0.05"
"34","8/26/17","0","0.1","0","0.6","0.2","0","0.1","0.3","0","0",NA,"0","0","0.13"
"35","9/2/17","0","0.3","0","0.1","0","0","0","0","0","0","0","0","0","0.08"
"36","9/9/17","0","0.4",NA,"0.4","0","0","0.3","0","0","0","0","0.2","0","0.2"
"37","9/16/17","0","0.5",NA,"0.4","0.2","0","0","0.3","0","0","0","0.2","0","0.26"
"38","9/23/17","0.2","0.4",NA,"1","0.1","0","0.4","0.5","0","0","0","0.3","0","0.35"
"39","9/30/17","0","1","0","1.2","0.3","0","0.6","0","0","0","0","0","1.7","0.63"
"40","10/7/17","0","0.7",NA,"0.1","0","0","0.2","0.6","0","0",NA,"0.2","0","0.24"
"41","10/14/17","0","1.4","0","1.5","0","0","0","0","0","0","0","0","0","0.55"
"42","10/21/17","0","1.7",NA,NA,"0","0","0.6","1","0.4","0","0","0","0","0.65"
"43","10/28/17","0.4","0.5","2.1","1.3","0.2","0","0.5","0","0","0","0.0","0","0","0.55"
"44","11/4/17","0.4","2.1","1.5","1.4","0","0","0.2","2.8","1.6","0","0.0","0","0.5","1.01"
"45","11/11/17","0.0","2.3","1.4","1.4","0.5","0.0","0.9","0.4","0.0","0.0","0.0","0.2","0.3","1.05"
"46","11/18/17","0.1","2.7","1.2",NA,"0.4","0.0","0.4","0.0","0.0","0.0","0.0","0.3","0.0","0.98"
